{
    "Best Hyperparameters": {
        "num_conv_layers": 3,
        "activation": "relu",
        "filters1": 32,
        "kernel_size1": 5,
        "filters2": 256,
        "kernel_size2": 3,
        "dropout1": 0.5,
        "dropout2": 0.4,
        "dense_units": 512,
        "embedding_units": 32,
        "learning_rate": 0.00010627304115454661,
        "filters3": 256,
        "kernel_size3": 3,
        "filters4": 256,
        "kernel_size4": 5,
        "tuner/epochs": 10,
        "tuner/initial_epoch": 0,
        "tuner/bracket": 0,
        "tuner/round": 0,
        "add_extra_dense": false,
        "reg_type": "l2",
        "weight_decay": 1e-05,
        "pool_size1": 2,
        "pool_size2": 2
    },
    "Test Accuracy": 0.7472527623176575,
    "Test Loss": 1.266735315322876,
    "Macro Sensitivity": 0.5884816539213267,
    "Macro Specificity": 0.965484650703588,
    "One-Shot Accuracy": 68.68131868131869,
    "Per Class Metrics": {
        "0": {
            "Sensitivity": 0.6904761904761905,
            "Specificity": 0.9503105590062112
        },
        "1": {
            "Sensitivity": 0.6923076923076923,
            "Specificity": 0.9125874125874126
        },
        "2": {
            "Sensitivity": 0.2222222222222222,
            "Specificity": 0.9943661971830986
        },
        "3": {
            "Sensitivity": 0.5555555555555556,
            "Specificity": 0.9830985915492958
        },
        "4": {
            "Sensitivity": 0.42857142857142855,
            "Specificity": 0.9708454810495627
        },
        "5": {
            "Sensitivity": 0.901840490797546,
            "Specificity": 0.9353233830845771
        },
        "6": {
            "Sensitivity": 0.8181818181818182,
            "Specificity": 0.9971671388101983
        },
        "7": {
            "Sensitivity": 0.8333333333333334,
            "Specificity": 0.9855491329479769
        },
        "8": {
            "Sensitivity": 0.15384615384615385,
            "Specificity": 0.9601139601139601
        }
    }
}